cal_date,Month_num,month_name,year
1-Jan-24,1,January,2024
2-Jan-24,1,January,2024
3-Jan-24,1,January,2024
4-Jan-24,1,January,2024
5-Jan-24,1,January,2024
6-Jan-24,1,January,2024
7-Jan-24,1,January,2024
8-Jan-24,1,January,2024
9-Jan-24,1,January,2024
10-Jan-24,1,January,2024
11-Jan-24,1,January,2024
12-Jan-24,1,January,2024
13-Jan-24,1,January,2024
14-Jan-24,1,January,2024
15-Jan-24,1,January,2024
16-Jan-24,1,January,2024
17-Jan-24,1,January,2024
18-Jan-24,1,January,2024
19-Jan-24,1,January,2024
20-Jan-24,1,January,2024
21-Jan-24,1,January,2024
22-Jan-24,1,January,2024
23-Jan-24,1,January,2024
24-Jan-24,1,January,2024
25-Jan-24,1,January,2024
26-Jan-24,1,January,2024
27-Jan-24,1,January,2024
28-Jan-24,1,January,2024
29-Jan-24,1,January,2024
30-Jan-24,1,January,2024
31-Jan-24,1,January,2024
1-Feb-24,2,February,2024
2-Feb-24,2,February,2024
3-Feb-24,2,February,2024
4-Feb-24,2,February,2024
5-Feb-24,2,February,2024
6-Feb-24,2,February,2024
7-Feb-24,2,February,2024
8-Feb-24,2,February,2024
9-Feb-24,2,February,2024
10-Feb-24,2,February,2024
11-Feb-24,2,February,2024
12-Feb-24,2,February,2024
13-Feb-24,2,February,2024
14-Feb-24,2,February,2024
15-Feb-24,2,February,2024
16-Feb-24,2,February,2024
17-Feb-24,2,February,2024
18-Feb-24,2,February,2024
19-Feb-24,2,February,2024
20-Feb-24,2,February,2024
21-Feb-24,2,February,2024
22-Feb-24,2,February,2024
23-Feb-24,2,February,2024
24-Feb-24,2,February,2024
25-Feb-24,2,February,2024
26-Feb-24,2,February,2024
27-Feb-24,2,February,2024
28-Feb-24,2,February,2024
1-Mar-24,3,March,2024
2-Mar-24,3,March,2024
3-Mar-24,3,March,2024
4-Mar-24,3,March,2024
5-Mar-24,3,March,2024
6-Mar-24,3,March,2024
7-Mar-24,3,March,2024
8-Mar-24,3,March,2024
9-Mar-24,3,March,2024
10-Mar-24,3,March,2024
11-Mar-24,3,March,2024
12-Mar-24,3,March,2024
13-Mar-24,3,March,2024
14-Mar-24,3,March,2024
15-Mar-24,3,March,2024
16-Mar-24,3,March,2024
17-Mar-24,3,March,2024
18-Mar-24,3,March,2024
19-Mar-24,3,March,2024
20-Mar-24,3,March,2024
21-Mar-24,3,March,2024
22-Mar-24,3,March,2024
23-Mar-24,3,March,2024
24-Mar-24,3,March,2024
25-Mar-24,3,March,2024
26-Mar-24,3,March,2024
27-Mar-24,3,March,2024
28-Mar-24,3,March,2024
29-Mar-24,3,March,2024
30-Mar-24,3,March,2024
31-Mar-24,3,March,2024
1-Apr-24,4,April,2024
2-Apr-24,4,April,2024
3-Apr-24,4,April,2024
4-Apr-24,4,April,2024
5-Apr-24,4,April,2024
6-Apr-24,4,April,2024
7-Apr-24,4,April,2024
8-Apr-24,4,April,2024
9-Apr-24,4,April,2024
10-Apr-24,4,April,2024
11-Apr-24,4,April,2024
12-Apr-24,4,April,2024
13-Apr-24,4,April,2024
14-Apr-24,4,April,2024
15-Apr-24,4,April,2024
16-Apr-24,4,April,2024
17-Apr-24,4,April,2024
18-Apr-24,4,April,2024
19-Apr-24,4,April,2024
20-Apr-24,4,April,2024
21-Apr-24,4,April,2024
22-Apr-24,4,April,2024
23-Apr-24,4,April,2024
24-Apr-24,4,April,2024
25-Apr-24,4,April,2024
26-Apr-24,4,April,2024
27-Apr-24,4,April,2024
28-Apr-24,4,April,2024
29-Apr-24,4,April,2024
30-Apr-24,4,April,2024
1-May-24,5,May,2024
2-May-24,5,May,2024
3-May-24,5,May,2024
4-May-24,5,May,2024
5-May-24,5,May,2024
6-May-24,5,May,2024
7-May-24,5,May,2024
8-May-24,5,May,2024
9-May-24,5,May,2024
10-May-24,5,May,2024
11-May-24,5,May,2024
12-May-24,5,May,2024
13-May-24,5,May,2024
14-May-24,5,May,2024
15-May-24,5,May,2024
16-May-24,5,May,2024
17-May-24,5,May,2024
18-May-24,5,May,2024
19-May-24,5,May,2024
20-May-24,5,May,2024
21-May-24,5,May,2024
22-May-24,5,May,2024
23-May-24,5,May,2024
24-May-24,5,May,2024
25-May-24,5,May,2024
26-May-24,5,May,2024
27-May-24,5,May,2024
28-May-24,5,May,2024
29-May-24,5,May,2024
30-May-24,5,May,2024
31-May-24,5,May,2024
1-Jun-24,6,June,2024
2-Jun-24,6,June,2024
3-Jun-24,6,June,2024
4-Jun-24,6,June,2024
5-Jun-24,6,June,2024
6-Jun-24,6,June,2024
7-Jun-24,6,June,2024
8-Jun-24,6,June,2024
9-Jun-24,6,June,2024
10-Jun-24,6,June,2024
11-Jun-24,6,June,2024
12-Jun-24,6,June,2024
13-Jun-24,6,June,2024
14-Jun-24,6,June,2024
15-Jun-24,6,June,2024
16-Jun-24,6,June,2024
17-Jun-24,6,June,2024
18-Jun-24,6,June,2024
19-Jun-24,6,June,2024
20-Jun-24,6,June,2024
21-Jun-24,6,June,2024
22-Jun-24,6,June,2024
23-Jun-24,6,June,2024
24-Jun-24,6,June,2024
25-Jun-24,6,June,2024
26-Jun-24,6,June,2024
27-Jun-24,6,June,2024
28-Jun-24,6,June,2024
29-Jun-24,6,June,2024
30-Jun-24,6,June,2024
1-Jul-24,7,July,2024
2-Jul-24,7,July,2024
3-Jul-24,7,July,2024
4-Jul-24,7,July,2024
5-Jul-24,7,July,2024
6-Jul-24,7,July,2024
7-Jul-24,7,July,2024
8-Jul-24,7,July,2024
9-Jul-24,7,July,2024
10-Jul-24,7,July,2024
11-Jul-24,7,July,2024
12-Jul-24,7,July,2024
13-Jul-24,7,July,2024
14-Jul-24,7,July,2024
15-Jul-24,7,July,2024
16-Jul-24,7,July,2024
17-Jul-24,7,July,2024
18-Jul-24,7,July,2024
19-Jul-24,7,July,2024
20-Jul-24,7,July,2024
21-Jul-24,7,July,2024
22-Jul-24,7,July,2024
23-Jul-24,7,July,2024
24-Jul-24,7,July,2024
25-Jul-24,7,July,2024
26-Jul-24,7,July,2024
27-Jul-24,7,July,2024
28-Jul-24,7,July,2024
29-Jul-24,7,July,2024
30-Jul-24,7,July,2024
31-Jul-24,7,July,2024
1-Aug-24,8,August,2024
2-Aug-24,8,August,2024
3-Aug-24,8,August,2024
4-Aug-24,8,August,2024
5-Aug-24,8,August,2024
6-Aug-24,8,August,2024
7-Aug-24,8,August,2024
8-Aug-24,8,August,2024
9-Aug-24,8,August,2024
10-Aug-24,8,August,2024
11-Aug-24,8,August,2024
12-Aug-24,8,August,2024
13-Aug-24,8,August,2024
14-Aug-24,8,August,2024
15-Aug-24,8,August,2024
16-Aug-24,8,August,2024
17-Aug-24,8,August,2024
18-Aug-24,8,August,2024
19-Aug-24,8,August,2024
20-Aug-24,8,August,2024
21-Aug-24,8,August,2024
22-Aug-24,8,August,2024
23-Aug-24,8,August,2024
24-Aug-24,8,August,2024
25-Aug-24,8,August,2024
26-Aug-24,8,August,2024
27-Aug-24,8,August,2024
28-Aug-24,8,August,2024
29-Aug-24,8,August,2024
30-Aug-24,8,August,2024
31-Aug-24,8,August,2024
1-Sep-24,9,September,2024
2-Sep-24,9,September,2024
3-Sep-24,9,September,2024
4-Sep-24,9,September,2024
5-Sep-24,9,September,2024
6-Sep-24,9,September,2024
7-Sep-24,9,September,2024
8-Sep-24,9,September,2024
9-Sep-24,9,September,2024
10-Sep-24,9,September,2024
11-Sep-24,9,September,2024
12-Sep-24,9,September,2024
13-Sep-24,9,September,2024
14-Sep-24,9,September,2024
15-Sep-24,9,September,2024
16-Sep-24,9,September,2024
17-Sep-24,9,September,2024
18-Sep-24,9,September,2024
19-Sep-24,9,September,2024
20-Sep-24,9,September,2024
21-Sep-24,9,September,2024
22-Sep-24,9,September,2024
23-Sep-24,9,September,2024
24-Sep-24,9,September,2024
25-Sep-24,9,September,2024
26-Sep-24,9,September,2024
27-Sep-24,9,September,2024
28-Sep-24,9,September,2024
29-Sep-24,9,September,2024
30-Sep-24,9,September,2024
1-Oct-24,10,October,2024
2-Oct-24,10,October,2024
3-Oct-24,10,October,2024
4-Oct-24,10,October,2024
5-Oct-24,10,October,2024
6-Oct-24,10,October,2024
7-Oct-24,10,October,2024
8-Oct-24,10,October,2024
9-Oct-24,10,October,2024
10-Oct-24,10,October,2024
11-Oct-24,10,October,2024
12-Oct-24,10,October,2024
13-Oct-24,10,October,2024
14-Oct-24,10,October,2024
15-Oct-24,10,October,2024
16-Oct-24,10,October,2024
17-Oct-24,10,October,2024
18-Oct-24,10,October,2024
19-Oct-24,10,October,2024
20-Oct-24,10,October,2024
21-Oct-24,10,October,2024
22-Oct-24,10,October,2024
23-Oct-24,10,October,2024
24-Oct-24,10,October,2024
25-Oct-24,10,October,2024
26-Oct-24,10,October,2024
27-Oct-24,10,October,2024
28-Oct-24,10,October,2024
29-Oct-24,10,October,2024
30-Oct-24,10,October,2024
31-Oct-24,10,October,2024
1-Nov-24,11,November,2024
2-Nov-24,11,November,2024
3-Nov-24,11,November,2024
4-Nov-24,11,November,2024
5-Nov-24,11,November,2024
6-Nov-24,11,November,2024
7-Nov-24,11,November,2024
8-Nov-24,11,November,2024
9-Nov-24,11,November,2024
10-Nov-24,11,November,2024
11-Nov-24,11,November,2024
12-Nov-24,11,November,2024
13-Nov-24,11,November,2024
14-Nov-24,11,November,2024
15-Nov-24,11,November,2024
16-Nov-24,11,November,2024
17-Nov-24,11,November,2024
18-Nov-24,11,November,2024
19-Nov-24,11,November,2024
20-Nov-24,11,November,2024
21-Nov-24,11,November,2024
22-Nov-24,11,November,2024
23-Nov-24,11,November,2024
24-Nov-24,11,November,2024
25-Nov-24,11,November,2024
26-Nov-24,11,November,2024
27-Nov-24,11,November,2024
28-Nov-24,11,November,2024
29-Nov-24,11,November,2024
30-Nov-24,11,November,2024
1-Dec-24,12,December,2024
2-Dec-24,12,December,2024
3-Dec-24,12,December,2024
4-Dec-24,12,December,2024
5-Dec-24,12,December,2024
6-Dec-24,12,December,2024
7-Dec-24,12,December,2024
8-Dec-24,12,December,2024
9-Dec-24,12,December,2024
10-Dec-24,12,December,2024
11-Dec-24,12,December,2024
12-Dec-24,12,December,2024
13-Dec-24,12,December,2024
14-Dec-24,12,December,2024
15-Dec-24,12,December,2024
16-Dec-24,12,December,2024
17-Dec-24,12,December,2024
18-Dec-24,12,December,2024
19-Dec-24,12,December,2024
20-Dec-24,12,December,2024
21-Dec-24,12,December,2024
22-Dec-24,12,December,2024
23-Dec-24,12,December,2024
24-Dec-24,12,December,2024
25-Dec-24,12,December,2024
26-Dec-24,12,December,2024
27-Dec-24,12,December,2024
28-Dec-24,12,December,2024
29-Dec-24,12,December,2024
30-Dec-24,12,December,2024
31-Dec-24,12,December,2024
1-Jan-25,1,January,2025
2-Jan-25,1,January,2025
3-Jan-25,1,January,2025
4-Jan-25,1,January,2025
5-Jan-25,1,January,2025
6-Jan-25,1,January,2025
7-Jan-25,1,January,2025
8-Jan-25,1,January,2025
9-Jan-25,1,January,2025
10-Jan-25,1,January,2025
11-Jan-25,1,January,2025
12-Jan-25,1,January,2025
13-Jan-25,1,January,2025
14-Jan-25,1,January,2025
15-Jan-25,1,January,2025
16-Jan-25,1,January,2025
17-Jan-25,1,January,2025
18-Jan-25,1,January,2025
19-Jan-25,1,January,2025
20-Jan-25,1,January,2025
21-Jan-25,1,January,2025
22-Jan-25,1,January,2025
23-Jan-25,1,January,2025
24-Jan-25,1,January,2025
25-Jan-25,1,January,2025
26-Jan-25,1,January,2025
27-Jan-25,1,January,2025
28-Jan-25,1,January,2025
29-Jan-25,1,January,2025
30-Jan-25,1,January,2025
31-Jan-25,1,January,2025
